buyerIndex,userId,joinedAt,admittedAt,waitMs,admissionWave,outcome,relinquishedAt,confirmationStatus
1,6d4610af-c650-4d88-b6b5-322e09963e5e,2026-09-09T08:19:47.639Z,2026-09-09T08:19:50.426Z,2787,1,ORDER_CREATED,,201
2,c98256c3-13e9-4071-ab5a-e1f8a4402f17,2026-09-09T08:19:47.640Z,2026-09-09T08:19:50.427Z,2787,1,ORDER_CREATED,,201
3,afea2d02-5bc7-4909-b028-416878545ce6,2026-09-09T08:19:47.641Z,2026-09-09T08:19:51.318Z,3677,1,RELINQUISHED,2026-09-09T08:20:01.027Z,
4,3cb8aab6-01b5-423e-ab0d-6a2a2ffff395,2026-09-09T08:19:47.641Z,2026-09-09T08:19:50.440Z,2799,1,ORDER_CREATED,,201
5,3e199044-2b02-4b61-8645-3152c03e39a2,2026-09-09T08:19:47.642Z,2026-09-09T08:19:50.441Z,2799,1,ORDER_CREATED,,201
6,b6fbb842-ea8f-4f65-a5fa-631d01086a90,2026-09-09T08:19:47.642Z,2026-09-09T08:19:52.194Z,4552,1,RELINQUISHED,2026-09-09T08:20:03.811Z,
7,601ecf1e-31d9-43de-8964-713e82d7fb60,2026-09-09T08:19:47.643Z,2026-09-09T08:19:53.063Z,5420,1,RELINQUISHED,2026-09-09T08:20:03.812Z,
8,52c2529e-ae72-42a9-a20f-77cf6ffe24a0,2026-09-09T08:19:47.644Z,2026-09-09T08:19:51.339Z,3695,1,RELINQUISHED,2026-09-09T08:20:01.027Z,
9,78af46ad-3f33-4dd3-bf10-ecab68ed999c,2026-09-09T08:19:47.644Z,2026-09-09T08:19:53.952Z,6308,1,RELINQUISHED,2026-09-09T08:20:06.534Z,
10,ab3f45ae-b3ee-489e-aba8-c83226325d8b,2026-09-09T08:19:47.645Z,2026-09-09T08:19:58.286Z,10641,2,RELINQUISHED,2026-09-09T08:20:09.102Z,
11,9f6c49bd-08b7-4a4e-ab04-56de446f964c,2026-09-09T08:19:47.645Z,2026-09-09T08:19:50.467Z,2822,1,ORDER_CREATED,,201
12,bad6a6a5-e163-4933-b35e-94e63b9efd63,2026-09-09T08:19:47.645Z,2026-09-09T08:19:50.468Z,2823,1,RELINQUISHED,2026-09-09T08:20:01.025Z,
13,bb31e9da-34e8-47f9-a256-ed2a7760f1f7,2026-09-09T08:19:47.645Z,2026-09-09T08:19:50.468Z,2823,1,RELINQUISHED,2026-09-09T08:20:01.026Z,
14,bd04f4da-37ab-4a3f-afec-c55c7dd1b8cd,2026-09-09T08:19:47.646Z,2026-09-09T08:19:51.358Z,3712,1,RELINQUISHED,2026-09-09T08:20:01.027Z,
15,51acd83d-d912-4b2c-870b-01b41d63d4ec,2026-09-09T08:19:47.646Z,2026-09-09T08:19:50.480Z,2834,1,RELINQUISHED,2026-09-09T08:20:01.026Z,
16,c81966ac-3ff1-428f-abd6-555d742e8ff4,2026-09-09T08:19:47.646Z,2026-09-09T08:19:51.358Z,3712,1,RELINQUISHED,2026-09-09T08:20:01.028Z,
17,b97b9406-8bf7-4da7-a78e-d3fddf81f287,2026-09-09T08:19:47.646Z,2026-09-09T08:19:50.481Z,2835,1,RELINQUISHED,2026-09-09T08:20:01.027Z,
18,e7bb8543-a154-4fb5-8ae5-1369834c5a80,2026-09-09T08:19:47.646Z,2026-09-09T08:19:51.359Z,3713,1,RELINQUISHED,2026-09-09T08:20:01.028Z,
19,a6972f86-346a-4bdd-8845-fc0ec5a9a513,2026-09-09T08:19:47.650Z,2026-09-09T08:19:51.362Z,3712,1,RELINQUISHED,2026-09-09T08:20:03.809Z,
20,5772dc30-42ff-4ea2-a1ac-02faacc2058d,2026-09-09T08:19:47.650Z,2026-09-09T08:19:50.484Z,2834,1,RELINQUISHED,2026-09-09T08:20:01.027Z,
21,f973736a-d118-4b62-9f7a-fb0dc4970152,2026-09-09T08:19:47.650Z,2026-09-09T08:19:52.234Z,4584,1,RELINQUISHED,2026-09-09T08:20:03.811Z,
22,6831debe-47fd-4cdf-97c7-76e4c41233b3,2026-09-09T08:19:47.650Z,2026-09-09T08:19:52.235Z,4585,1,RELINQUISHED,2026-09-09T08:20:03.811Z,
23,b21fb3aa-db93-40f6-a876-a5c4f3b04c90,2026-09-09T08:19:47.651Z,2026-09-09T08:19:51.370Z,3719,1,RELINQUISHED,2026-09-09T08:20:03.810Z,
24,1f12ac17-eafd-46e6-b5cf-09c8daf9d3f1,2026-09-09T08:19:47.651Z,2026-09-09T08:19:51.364Z,3713,1,RELINQUISHED,2026-09-09T08:20:03.810Z,
25,83fcbd93-d376-432d-9dd0-13ea42a45609,2026-09-09T08:19:47.651Z,2026-09-09T08:19:52.238Z,4587,1,RELINQUISHED,2026-09-09T08:20:03.812Z,
26,612ac2a7-9550-4ffa-9085-c397ac1853f8,2026-09-09T08:19:47.651Z,2026-09-09T08:19:51.370Z,3719,1,RELINQUISHED,2026-09-09T08:20:03.811Z,
27,f98f9d3f-571c-47d0-8267-92fd629cbecc,2026-09-09T08:19:47.651Z,2026-09-09T08:19:51.370Z,3719,1,RELINQUISHED,2026-09-09T08:20:03.811Z,
28,10c8f513-fa00-488c-b6a0-5ce360725630,2026-09-09T08:19:47.651Z,2026-09-09T08:19:53.094Z,5443,1,RELINQUISHED,2026-09-09T08:20:06.532Z,
29,bdf7adee-b3d7-4122-b523-901507f719c2,2026-09-09T08:19:47.651Z,2026-09-09T08:19:53.095Z,5444,1,RELINQUISHED,2026-09-09T08:20:06.532Z,
30,f0ea5c5d-887e-4f54-8d71-ed6d812ef0f8,2026-09-09T08:19:47.652Z,2026-09-09T08:19:53.971Z,6319,1,RELINQUISHED,2026-09-09T08:20:06.534Z,
31,0b25aaf1-1321-4e81-bab1-e0d100d6c956,2026-09-09T08:19:47.652Z,2026-09-09T08:19:53.980Z,6328,1,RELINQUISHED,2026-09-09T08:20:06.535Z,
32,7b353bca-3807-41ef-9dfb-1667c6c1089d,2026-09-09T08:19:47.652Z,2026-09-09T08:19:58.497Z,10845,2,RELINQUISHED,2026-09-09T08:20:09.103Z,
33,13444b03-8b47-485f-bdf3-fbc0beb7ac5e,2026-09-09T08:19:47.652Z,2026-09-09T08:19:58.496Z,10844,2,RELINQUISHED,2026-09-09T08:20:09.102Z,
34,25feb59b-b672-405d-8f97-37e224a3ac09,2026-09-09T08:19:47.652Z,2026-09-09T08:19:53.981Z,6329,1,RELINQUISHED,2026-09-09T08:20:06.535Z,
35,a514824b-c2bd-4df5-b01e-15d1e407a6fd,2026-09-09T08:19:47.652Z,2026-09-09T08:19:58.497Z,10845,2,RELINQUISHED,2026-09-09T08:20:09.103Z,
36,e1421b14-69bb-4edc-9db4-1e5727437478,2026-09-09T08:19:47.652Z,2026-09-09T08:20:01.255Z,13603,3,RELINQUISHED,2026-09-09T08:20:11.609Z,
37,82bc08ca-e690-41dc-97d2-d90385ee821b,2026-09-09T08:19:47.652Z,2026-09-09T08:20:01.254Z,13602,3,RELINQUISHED,2026-09-09T08:20:11.609Z,
38,5ad98a4d-eb98-4a1a-9d52-f858a2d69a52,2026-09-09T08:19:47.652Z,2026-09-09T08:19:53.101Z,5449,1,RELINQUISHED,2026-09-09T08:20:06.533Z,
39,396e1062-d8f8-49a6-b23d-2fab1414b5fa,2026-09-09T08:19:47.652Z,2026-09-09T08:19:53.102Z,5450,1,RELINQUISHED,2026-09-09T08:20:06.534Z,
40,189bea6d-29df-4074-9fd0-d58e452f0ef4,2026-09-09T08:19:47.652Z,2026-09-09T08:19:53.988Z,6336,1,RELINQUISHED,2026-09-09T08:20:06.535Z,
41,c9e53cf1-1a10-49b3-802d-00bb8d461945,2026-09-09T08:19:47.653Z,2026-09-09T08:19:53.102Z,5449,1,RELINQUISHED,2026-09-09T08:20:06.534Z,
42,9238d0a6-2b50-4a25-bb61-0dd26d56c5d5,2026-09-09T08:19:47.653Z,2026-09-09T08:19:53.989Z,6336,1,RELINQUISHED,2026-09-09T08:20:09.099Z,
43,ba61bc35-3cb3-4413-b5c8-09189e3dbff9,2026-09-09T08:19:47.653Z,2026-09-09T08:19:53.990Z,6337,1,RELINQUISHED,2026-09-09T08:20:09.101Z,
44,75e01f9e-6aa0-4ccd-8ea5-5de5561d9112,2026-09-09T08:19:47.653Z,2026-09-09T08:20:01.260Z,13607,3,RELINQUISHED,2026-09-09T08:20:11.610Z,
45,a2a5e521-d40d-47b5-a074-866c54706dc2,2026-09-09T08:19:47.653Z,2026-09-09T08:19:53.991Z,6338,1,RELINQUISHED,2026-09-09T08:20:09.102Z,
46,c1b00dfc-afae-49d1-9ace-371d25766110,2026-09-09T08:19:47.653Z,2026-09-09T08:19:53.992Z,6339,1,RELINQUISHED,2026-09-09T08:20:09.102Z,
47,79e3d5eb-2027-4275-9635-9ae4b44599fe,2026-09-09T08:19:47.653Z,2026-09-09T08:19:53.992Z,6339,1,RELINQUISHED,2026-09-09T08:20:09.102Z,
48,e998313b-86fc-4d94-a6e3-93f4449c20d1,2026-09-09T08:19:47.653Z,2026-09-09T08:20:01.260Z,13607,3,RELINQUISHED,2026-09-09T08:20:11.610Z,
49,48191952-de47-475d-a146-d0175178b1e9,2026-09-09T08:19:47.653Z,2026-09-09T08:20:01.261Z,13608,3,RELINQUISHED,2026-09-09T08:20:11.610Z,
50,9b069151-4481-4c5d-960f-ee8708cb5e3b,2026-09-09T08:19:47.654Z,2026-09-09T08:20:01.261Z,13607,3,RELINQUISHED,2026-09-09T08:20:11.610Z,
51,378b0e9e-4f0b-43dd-9408-5b939f6550dd,2026-09-09T08:19:47.654Z,2026-09-09T08:20:01.261Z,13607,3,RELINQUISHED,2026-09-09T08:20:11.611Z,
52,345dfae9-820b-4888-84f7-437dab23820f,2026-09-09T08:19:47.654Z,2026-09-09T08:20:01.261Z,13607,3,RELINQUISHED,2026-09-09T08:20:11.611Z,
53,4b9cf91c-e6fa-4d1f-a489-fa7035a9a1e3,2026-09-09T08:19:47.654Z,2026-09-09T08:20:03.991Z,16337,4,RELINQUISHED,2026-09-09T08:20:13.979Z,
54,4f4a7a1b-d7da-4e94-b1dc-f670107beb6f,2026-09-09T08:19:47.654Z,2026-09-09T08:20:01.262Z,13608,3,RELINQUISHED,2026-09-09T08:20:11.611Z,
55,0e15c743-0bab-4167-8b30-94e96971e8ea,2026-09-09T08:19:47.654Z,2026-09-09T08:20:01.262Z,13608,3,RELINQUISHED,2026-09-09T08:20:11.611Z,
56,0c0de350-bf3a-42d7-9ad1-da39d6f46903,2026-09-09T08:19:47.654Z,2026-09-09T08:20:03.995Z,16341,4,RELINQUISHED,2026-09-09T08:20:13.979Z,
57,67c803ea-c8d5-4c99-a993-6b09f3d74cdf,2026-09-09T08:19:47.654Z,2026-09-09T08:20:03.996Z,16342,4,RELINQUISHED,2026-09-09T08:20:13.980Z,
58,688e6fc5-96ae-4ec6-a01f-d3d582ed13b3,2026-09-09T08:19:47.654Z,2026-09-09T08:20:03.996Z,16342,4,RELINQUISHED,2026-09-09T08:20:13.980Z,
59,9407ea75-b73e-4e73-a803-6ef22d44fc35,2026-09-09T08:19:47.654Z,2026-09-09T08:20:03.996Z,16342,4,RELINQUISHED,2026-09-09T08:20:13.980Z,
60,e42256ba-0c43-4abe-85d9-47960c2280cb,2026-09-09T08:19:47.655Z,2026-09-09T08:20:03.996Z,16341,4,RELINQUISHED,2026-09-09T08:20:13.981Z,
61,e3a24684-f259-4ef0-aa9f-8353d4f6c88a,2026-09-09T08:19:47.655Z,2026-09-09T08:20:03.996Z,16341,4,RELINQUISHED,2026-09-09T08:20:13.981Z,
62,7b89e31a-67e8-4db4-a5cd-fe1ac2dbe6ca,2026-09-09T08:19:47.655Z,2026-09-09T08:20:06.720Z,19065,5,RELINQUISHED,2026-09-09T08:20:18.559Z,
63,f448b096-9e0c-4f7a-b5ba-d39af0a8e639,2026-09-09T08:19:47.655Z,2026-09-09T08:20:06.720Z,19065,5,RELINQUISHED,2026-09-09T08:20:18.558Z,
64,2712c450-4f83-4579-ae59-a0f727750f2e,2026-09-09T08:19:47.655Z,2026-09-09T08:20:06.720Z,19065,5,RELINQUISHED,2026-09-09T08:20:18.559Z,
65,f0eecee9-2166-4f8b-ad58-cdf1c5e164b2,2026-09-09T08:19:47.655Z,2026-09-09T08:20:03.998Z,16343,4,RELINQUISHED,2026-09-09T08:20:13.981Z,
66,acac3cd6-c05a-46f5-bdd1-6eb5f7b96c2a,2026-09-09T08:19:47.655Z,2026-09-09T08:20:03.998Z,16343,4,RELINQUISHED,2026-09-09T08:20:13.982Z,
67,0adae780-2afd-415c-9246-50df641a415c,2026-09-09T08:19:47.655Z,2026-09-09T08:20:06.720Z,19065,5,RELINQUISHED,2026-09-09T08:20:18.559Z,
68,7870e015-676d-4620-a9ae-13d6245a1ac9,2026-09-09T08:19:47.655Z,2026-09-09T08:20:06.721Z,19066,5,RELINQUISHED,2026-09-09T08:20:18.559Z,
69,c4257056-d4d5-4ed4-8283-c72f95e363fc,2026-09-09T08:19:47.655Z,2026-09-09T08:20:03.999Z,16344,4,RELINQUISHED,2026-09-09T08:20:13.982Z,
70,413af868-02d9-4f20-bdef-f6644e5e054c,2026-09-09T08:19:47.655Z,2026-09-09T08:20:06.721Z,19066,5,RELINQUISHED,2026-09-09T08:20:18.559Z,
71,6a31bc17-ec56-403e-b3ef-92374bc64d2a,2026-09-09T08:19:47.656Z,2026-09-09T08:19:58.509Z,10853,2,RELINQUISHED,2026-09-09T08:20:09.103Z,
72,d3a61cef-e064-4823-a11f-e2c5b3371052,2026-09-09T08:19:47.656Z,2026-09-09T08:20:06.721Z,19065,5,RELINQUISHED,2026-09-09T08:20:18.560Z,
73,e50665e3-5904-46eb-8558-c5c61e47ff75,2026-09-09T08:19:47.656Z,2026-09-09T08:20:06.721Z,19065,5,RELINQUISHED,2026-09-09T08:20:18.560Z,
74,93ada543-8724-4364-a1b5-1ab75fc8bbcb,2026-09-09T08:19:47.656Z,2026-09-09T08:20:06.722Z,19066,5,RELINQUISHED,2026-09-09T08:20:18.560Z,
75,57bf1648-5bab-4ced-a985-1f549dd0b26f,2026-09-09T08:19:47.656Z,2026-09-09T08:20:09.285Z,21629,6,RELINQUISHED,2026-09-09T08:20:18.560Z,
76,4ce6c7ea-115d-49cd-bbd4-83f1ea3b358c,2026-09-09T08:19:47.656Z,2026-09-09T08:20:09.286Z,21630,6,RELINQUISHED,2026-09-09T08:20:18.563Z,
77,9948bc7c-dbd9-47fe-91a2-39c102139f75,2026-09-09T08:19:47.656Z,2026-09-09T08:20:06.723Z,19067,5,RELINQUISHED,2026-09-09T08:20:18.563Z,
78,4d6a042f-52d5-44b8-aa64-cff39c4825d1,2026-09-09T08:19:47.657Z,2026-09-09T08:20:09.287Z,21630,6,RELINQUISHED,2026-09-09T08:20:18.563Z,
79,fe7e19eb-b312-4cc9-903d-e3542282d91e,2026-09-09T08:19:47.657Z,2026-09-09T08:20:09.287Z,21630,6,RELINQUISHED,2026-09-09T08:20:18.563Z,
80,a88b4a7b-6e0d-4ea6-b884-db79438ed675,2026-09-09T08:19:47.657Z,2026-09-09T08:20:09.287Z,21630,6,RELINQUISHED,2026-09-09T08:20:18.563Z,
81,4559053a-ce64-4393-a63c-418c56d602e5,2026-09-09T08:19:47.657Z,2026-09-09T08:20:09.288Z,21631,6,RELINQUISHED,2026-09-09T08:20:18.563Z,
82,2499a306-17f0-416d-8938-4af7846ef407,2026-09-09T08:19:47.657Z,2026-09-09T08:20:09.288Z,21631,6,RELINQUISHED,2026-09-09T08:20:18.564Z,
83,6692aa7f-003d-4dc8-8aa8-ba7d9d9c5293,2026-09-09T08:19:47.657Z,2026-09-09T08:20:09.288Z,21631,6,RELINQUISHED,2026-09-09T08:20:18.564Z,
84,f9f25fad-0162-4301-bb24-3d040b3a4aa8,2026-09-09T08:19:47.657Z,2026-09-09T08:20:09.289Z,21632,6,RELINQUISHED,2026-09-09T08:20:18.564Z,
85,3f32efc1-1b8a-4683-b3a0-7b6607baf449,2026-09-09T08:19:47.657Z,2026-09-09T08:20:11.748Z,24091,7,RELINQUISHED,2026-09-09T08:20:18.564Z,
86,3c19f069-4e3e-4c42-ad98-08cc75c5e36d,2026-09-09T08:19:47.658Z,2026-09-09T08:20:11.749Z,24091,7,RELINQUISHED,2026-09-09T08:20:18.564Z,
87,4401caf6-b14d-4795-9a43-02524e039c9e,2026-09-09T08:19:47.658Z,2026-09-09T08:20:11.749Z,24091,7,RELINQUISHED,2026-09-09T08:20:18.564Z,
88,d9567aba-62d6-4cb2-b4fd-f056f161779b,2026-09-09T08:19:47.658Z,2026-09-09T08:20:11.749Z,24091,7,RELINQUISHED,2026-09-09T08:20:18.564Z,
89,b119e23a-69fa-4046-b19e-109e604b345f,2026-09-09T08:19:47.658Z,2026-09-09T08:20:09.291Z,21633,6,RELINQUISHED,2026-09-09T08:20:18.565Z,
90,0c3942bb-c5d8-4cfa-8ed9-abb75463edb6,2026-09-09T08:19:47.658Z,2026-09-09T08:20:11.750Z,24092,7,RELINQUISHED,2026-09-09T08:20:18.565Z,409
91,a46b2ab4-899d-4b3d-a124-0a7d401b21e9,2026-09-09T08:19:47.658Z,2026-09-09T08:20:11.750Z,24092,7,ORDER_CREATED,,201
92,47a3ea12-f907-4a52-aef1-56c7c4e57cdf,2026-09-09T08:19:47.659Z,2026-09-09T08:20:14.092Z,26433,8,ORDER_CREATED,,201
93,3d63f016-162a-4fb8-949b-edaadd718726,2026-09-09T08:19:47.659Z,2026-09-09T08:20:11.750Z,24091,7,RELINQUISHED,2026-09-09T08:20:18.565Z,
94,6339b216-90c3-4e38-9cb2-732876bd8116,2026-09-09T08:19:47.659Z,2026-09-09T08:20:14.092Z,26433,8,ORDER_CREATED,,201
95,7d8a0eb3-80a2-4e80-aa31-200092324a23,2026-09-09T08:19:47.659Z,2026-09-09T08:20:14.092Z,26433,8,RELINQUISHED,2026-09-09T08:20:18.565Z,409
96,a1b0e960-3443-46f1-87c6-ae4ff6435540,2026-09-09T08:19:47.659Z,2026-09-09T08:20:11.751Z,24092,7,RELINQUISHED,2026-09-09T08:20:18.565Z,409
97,4cc40b5d-25d9-4165-a6d5-8cf18b0b0166,2026-09-09T08:19:47.659Z,2026-09-09T08:20:14.093Z,26434,8,ORDER_CREATED,,201
98,2d866f47-a2ef-4632-96aa-9df8c7470403,2026-09-09T08:19:47.659Z,2026-09-09T08:20:11.752Z,24093,7,RELINQUISHED,2026-09-09T08:20:18.565Z,409
99,db7690df-91da-4e75-9c25-cbe2f155f5db,2026-09-09T08:19:47.659Z,2026-09-09T08:20:11.752Z,24093,7,ORDER_CREATED,,201
100,fd63cc94-a756-450c-9574-e0fd23618e5c,2026-09-09T08:19:47.659Z,2026-09-09T08:20:14.093Z,26434,8,RELINQUISHED,2026-09-09T08:20:18.565Z,409
